titulo,link,descricao
"Feito no Piauí, projeto de IA com base de dados em português é apresentado ao Governo - Agência Gov",https://news.google.com/rss/articles/CBMitgFBVV95cUxNSTFXQy1BR1ZtM1ZPQi1rU19rekhrUDRRNEZoSEVROEgzMDhSMXdCMklsd25MNFQ2TkxJb3pNRmN5NlZrb0ZEU09zUDJjRGdWVS1UVGMxZUQyNWFLcktFMlBpVGYtai1mUTBSTnZVNXZCUU1oMENjemhnOGVIaERVTFVTZEx3YXNUQ2Q3VWFRQWFxQ2h0VE1PeDhER243ejVkLUU0MTJTbmlXSXFRc2ZoSXBzTFJxZw?oc=5,"Feito no Piauí, projeto de IA com base de dados em português é apresentado ao Governo&nbsp;&nbsp;Agência Gov"
"Rafael Fonteles lança nesta quarta (25) a SoberanIA, IA em português elaborada no Piauí - pi.gov.br",https://news.google.com/rss/articles/CBMiqwFBVV95cUxOVmYzdDNMUE54SWQ1QzRtZG5abG1yRkd4UGtaVGxvZHN6S01NVG9fakwwTzYwNHhOU2dZZ2RjQkJER1h4OU0tZDU0TjNWSW83WUM2VVhGNkVYQS1MTGY0ckxiQTZNVlprQTdTT1I2ejlGclpLNGJndDdLbklVLXJuSFpSZ1A0VEJTeXctNnpJRXJDamdmUm82aVcxUFhLR3FCdFR1SGZMZFQ3cjQ?oc=5,"Rafael Fonteles lança nesta quarta (25) a SoberanIA, IA em português elaborada no Piauí&nbsp;&nbsp;pi.gov.br"
Governo do Piauí apresenta projeto de IA com base de dados em português - GOV.BR,https://news.google.com/rss/articles/CBMi0AFBVV95cUxOWXJqcm1IUDFjSzhtcHFxX1BQbTJVN3BQOGM2Zk1SNGthczlpSDk3V0txN0t5cFJ0dWdEbjNkNG5Zbm1zcEdOZjllLXZ2dmdvLXpGOVBjQldpNWhRWW82V1ZuMUJrbEVaZGRVclVYMUNicm96SDhlNWkyZ1F1QlNRNHVjLXBWZGxZajFGQXNyVGlXbW1VM21BRUNiQzV5SVZTLV9QYWp0NDZSYmFjdGVldllvVU5TY3RjcXhzWHF1SGRsTFNWTk1SbkhvUlU4NHk4?oc=5,Governo do Piauí apresenta projeto de IA com base de dados em português&nbsp;&nbsp;GOV.BR
Parem as máquinas! A IA tem uma reportagem urgente - Revista Piauí,https://news.google.com/rss/articles/CBMiiAFBVV95cUxQTTU1cFBrV1I0N1NUckdOSXAtZGl3Nm95anc3V2hTak9TSlY3MTZDYWZYdnh4TlA4OU43LTFCdlpPYzZkU1NTTkNXdDdXaG43SVJtU0FjNi1XcHdKWGM4WkVHRnNMV2FIMTk1Zjc5OG1MZlNEaDl1OGdOOExJaWVfUG5WZkx4Tm1z0gGOAUFVX3lxTE9YVVJNOTU1RC1ubUdBODZNMkFzX0tzemM1WWNLTHRYVzRIM1ozb3FjOEV2R25JZWp5bUFya1dLdFN2S1lqUUtzakRHdWdsNk9SZm9kSTA2OXQ0XzZnWE9wYVJXYWR3UHBGMnRoanlSRDNmNmtGeXJSbEZmVlZRbW5zQklRSWFEdzMxR2dLdEE?oc=5,Parem as máquinas! A IA tem uma reportagem urgente&nbsp;&nbsp;Revista Piauí
"Governo do Piauí lança SoberanIA, primeira plataforma de Inteligência Artificial 100% em português - Assembleia Legislativa do Piauí",https://news.google.com/rss/articles/CBMi1AFBVV95cUxOMVFReWwwbDg5R2JUZnFBQURTbEdMR2hGdk12QU5MXzFQdkhucEpnOGliVUduSENDVUFVTFZYX2F3Vk1BLUpjQWZuaTNZWGpoc25nZ2RseWJ1R1NFVmdFcWVtcGN1OHo4LVIxV2xvbFVMTm9US2t3SVYxRy0zMDFPOVhRNUctZlNENG9OZ3R0RWgtU09MUlhaTFpkdFRkYVM2ZlRZV2dUeGtEYTIzbTQ5SDcwSjNkaks0X0ZYV3ZPd0xPUmY1dEwyckNnVVdlMTgzbjQ1MA?oc=5,"Governo do Piauí lança SoberanIA, primeira plataforma de Inteligência Artificial 100% em português&nbsp;&nbsp;Assembleia Legislativa do Piauí"
Piauí adota Inovação e Inteligência Artificial como políticas de Estado - CartaCapital,https://news.google.com/rss/articles/CBMiugFBVV95cUxOclczOTJuOVk0anNoZkFkVWdGenJaS19YNERhMDA3bHVIR2RGU0xqQUh1MXBndEpCUUpKdll5OUwxR2F4TTYxWm5XREtwbEl4OWt0aHQ2NlV5SndPU2JIZ1RBY3Y4YkR1Z1ZLd0pkU2hMRFZCS3VqNEZocUdOTDFfVjkwbDVXRnE5Wnl1c0xPLTZ3QlFRbU55UnhIY1hHUUhuajJ4cW5nZFBUWWRlZXB2MktsR1NkMGM4blE?oc=5,Piauí adota Inovação e Inteligência Artificial como políticas de Estado&nbsp;&nbsp;CartaCapital
MPPI realiza palestra sobre Inteligência Artificial no Dia do Estagiário - Ministério Público do Estado do Piauí,https://news.google.com/rss/articles/CBMiswFBVV95cUxNN3ZKQ01taDNqcHdHYU1IMTNBM0lYcGRMY05laF9qcVBwQnE2QnpxM0s2ZzhCQ0JOYmV2dUFzVzNjMENwT2YyYmFrVmNlM1FLZGU2RHZiX2p5eHAwRjVFQVlXV0pBXzFRNUM0STBNSDRXdllvajJrSmp6NkNXQkFxakR0NG1CN0o2alFPbjZZdHVPZDI1UWdsN2VUaXJXV1dBVVNXMHFlSTdWWDg2UkJIQUpOYw?oc=5,MPPI realiza palestra sobre Inteligência Artificial no Dia do Estagiário&nbsp;&nbsp;Ministério Público do Estado do Piauí
Piauí ocupa 2ª posição em ranking nacional no uso de Inteligência Artificial - Cidadesnanet.com,https://news.google.com/rss/articles/CBMiswFBVV95cUxNV1lfQ05JMEVXeGdCaW9XQ2xvYXZCeEk1UHl3elhrQ0t3VENjazdXT3BzTTF2WkZaRjhXVmlyS2ZoSmpDLUxNeVo1RE53aHF0bjV4eW41T3FSQm9wRXRWQnE5WngxY0VYNjhJRmJzV1lWU2N3NjFvd3RKbV95UUJiaTY0bng5SFM3eV9mSVgtNFl0Y3UxNTY3YlJKSUt5eXJmVWNiZDd5bmZOM2hZXzljc2l0NNIBuwFBVV95cUxOanJ2TUVZbGpoYjNZdEhRdEtfMElmMVF4eHk2NERVemRWMmlROUk3WTE1MXZaOVQ2TkpFd09uLXBNd2d6MWpxMWxBMWhrazBIYlIyVkhmaVYwYXNvWnlCblFVX1E1cG8tTW5VYmJSRk1qR04wWWZzZml5cUJKTGo0dEJZRzZLZkNrNjg2eUJ3bzhUTWRBbDJTem9JYUZaZm1kdHVmVGVPVTFSdUw1akM4TVJpbFJDNU9VeEZz?oc=5,Piauí ocupa 2ª posição em ranking nacional no uso de Inteligência Artificial&nbsp;&nbsp;Cidadesnanet.com
Inscrições para 115 vagas em cursos superiores gratuitos de inteligência artificial estão abertas no Piauí - G1,https://news.google.com/rss/articles/CBMi8wFBVV95cUxPWGc4bDdEaTFxdGsxcEdraXJjVlFqQ21OUDRfNWRlYzZqb1o1RDhJZFpudE5FVEs0VnhDaGE4QkNuV1poWnFPX1pIY2ItVFJQbF9KY0pRWXBUcHVVdHZUNXZ6ZEo5NVVTX2pfZ3llTlctLTh2MjBsWEtIZVBrTmw5c3p5YzlHcXBUcTNwRTI3dzdRZHZ1VW02OVRwMHkwaHdrVFUzZjB3OXY4Z0dPMmNDd0pUZ0Q4WVc4RDVFWVRoc2ZvOGM2bnk1QlplWS1yWFUtQWhtaEVQV0pnZTl5VndldnFwUUJYS2x2N0x3Y3g3WlJVbE3SAYICQVVfeXFMUDlTX0VzRkNZSEZrNmwxbmY1SDF3UFRRbXYxaTZEZkhvYVJUa0dDRG4xTDlBTk9rNTByUTlHZEtCRktaRnJmZjc2TEliQW9QY1Z1cGk0aG9NRm1ZVGNZOE03OTNXcUNfYnFqLVA3d3NFaGRkTmxTT29Ba3BxcDdVUmxrdDFKbUNFQmNwUThQRjIyTEdwajhvT1N4T3U2ZDZpSUdlbTBqSzN0ODJxdEVzZEhLbnljZWhDOUJJNm8xbzd3VjJZVzQ5VTZXXzc4d2hYUml5WFViVmEtOUlCQ2lYcEMzYTgzMnVJa1F6VWNORXB6dWxFTlFENHdEU0lDeTlaV3pB?oc=5,Inscrições para 115 vagas em cursos superiores gratuitos de inteligência artificial estão abertas no Piauí&nbsp;&nbsp;G1
Inteligência Artificial (IA) na educação pública do Piauí - Fundação Telefônica Vivo,https://news.google.com/rss/articles/CBMijwFBVV95cUxPN0NHeEJOREVkTTJCUFNTbEZCU0lTRU5DZkxGaXNkWXRTWjhBVDZrV09TR09NSkZ5NWVRNko1UTNMazBBVlQ3bnp6Y0ktZnUxc1N5SWhjbVJ0WFRpbnctU0lHZDQwRkRoalB5RGlpc2xUZ1RrOVY1R0FNV2ZQZ0haVXZ6SkJvMlJ4TGRfOEtRYw?oc=5,Inteligência Artificial (IA) na educação pública do Piauí&nbsp;&nbsp;Fundação Telefônica Vivo
Contatos SEDUC - SEDUC-PI,https://news.google.com/rss/articles/CBMiwgFBVV95cUxQbWg5WXhzQ2RRbkFzYjhHMndLSE5scHF6ZFFNYldncXFPR1NnRGZXYUhfWF81SWRuYWJaaEVjdmJKN1hOaGEwa1lYM1FTeXEtVTdOa1MxRGZlQThwSGtMVkNvUzFEX0hNTWpTdWFUaUdMTjRxYzZxNjAtUXAxR3N2eUxRQ2N1M3NEQUN3aEppWnJxX2ZWN1Fhc0JtcjEtanBSN1Etd3RlN2xKNGxaWWRoTk5tYjl5Mi1XbmFYT1d4UUx2UQ?oc=5,Contatos SEDUC&nbsp;&nbsp;SEDUC-PI
Governador Rafael Fonteles autoriza cursos superiores em inteligência artificial na PIT – pi.gov - pi.gov.br,https://news.google.com/rss/articles/CBMirwFBVV95cUxOMTJOcnU3ZkowUGRtQTVJcnFwTXU2aWN6SnB2b3k3bEVYSkl3dnRiOXpQWFBibjFXVG5NVC1aTzl4ajhnT0NRUUZsSkR4Q1d3VF9IMC1ZR2tlYm9LWWloR2dsS3BqVTJMdmJKS0ZEQndJSGc5SXpiMm9mZVM0SW5XZVh6elRsZFBhbG83Tk1neWU1ZWEza2VLWWdhT0FPTURqbVJvNG1OaXRMZzJWdkNZ?oc=5,Governador Rafael Fonteles autoriza cursos superiores em inteligência artificial na PIT – pi.gov&nbsp;&nbsp;pi.gov.br
MCTI e governo do Piauí firmam parceria para avançar em projetos de IA - Agência Gov,https://news.google.com/rss/articles/CBMimgFBVV95cUxOSERYZkxLV3JZcWdPWEpta1phVXJvbXBMYkg2ZW8tcmNsRlhpYUJ3cnhrX05sbk82Q0xoYzRDNXlWTWx1SWd5TWg5SGVSdjdIaXY4U3BHMWpxVDlUMHVSZWctZFc0Q3ZIeDRocE9sbzhKY01GQWlIY0J3NHhscTBqT2J0RDJwVV9tN1FGZnRVZF9qVWFrMzJ0UFZR?oc=5,MCTI e governo do Piauí firmam parceria para avançar em projetos de IA&nbsp;&nbsp;Agência Gov
MPPI e Secretaria Estadual de Inteligência Artificial fortalecem parceria para inovação - Ministério Público do Estado do Piauí,https://news.google.com/rss/articles/CBMixwFBVV95cUxPVkdrTjNEY0ZWNXFhUkV1RG83NnBLZXQ3LUpmM2h3ZHBPVjJSRHpGMGFBaEZCTGZkX3VRTWRsY2NTWTBUSVZHYm1keWtORkNhcWZCUk5zZjZId21SSHdpbWZqTlhXaXhDNkdwQnJ1NHdFTVdoaHAxMWNVMUFZT3BfQWlWMGZCY1o5Z29ZdFRJOUE4UkJqY3VVNWNqRC05Ymp2ZWRnd3M3d3RfSDJoeG1VMVEzUmh5Z1VYSHRNRmtTU21TeEUtTHhB?oc=5,MPPI e Secretaria Estadual de Inteligência Artificial fortalecem parceria para inovação&nbsp;&nbsp;Ministério Público do Estado do Piauí
Piauí lança Sistema de Videomonitoramento Urbano com Inteligência Artificial e inaugura Centro Integrado de Comando e Controle neste sábado (16) - pi.gov.br,https://news.google.com/rss/articles/CBMi-AFBVV95cUxQWDRwSnBkdHMyc1l1all5b3h3dm4zcUxWSmIxYVRUazJLNy1LUHM0UUFrRXpnc25iaWtMRWtjOW9NeklWTTNEdUp1c1NpaEVGVWZqd2RqZDk1R0tDX2Z2Y2dOLW01VFB2ZWY2Vk5Pd0RlVEJOVDZQcHU3R253SWJ0aV9QSW5pMjhTTnpKYTRTcm1lOWtlQ2ZLR0N3eVpKQ0lxbndWTUlxSlRUTVZ3dGVLRzJyc2lybDlZb1lZaEhoemtjanRuWHRxb2F5MUhwMnl0RjZyVFZzWXdMUzRlT3l4dnpzczVVTW5oa0RWYkdLYlJNdmg1VTI4Mw?oc=5,Piauí lança Sistema de Videomonitoramento Urbano com Inteligência Artificial e inaugura Centro Integrado de Comando e Controle neste sábado (16)&nbsp;&nbsp;pi.gov.br
Educação pública do Piauí vira referência com salto digital e uso de inteligência artificial - pi.gov.br,https://news.google.com/rss/articles/CBMitgFBVV95cUxNcTlvY3p3R3NEOFRYaGQ1TE9zdWhya2x3RzhQdG9yWnV4RmdZVkxlQmphWWhIaDBkUkRrdzJqek1JWmZ3U3hJc2Rzc24tS0pSQzQzSFBfNE9xX2pCRzBELTdIbnRWWWZrRkJOY0NjYzFidl9PWkhqeTZFZVFUeGNqcHN4RE9tWm50WlZZdnBrMkN2dXEzaUp1a0VCRXlBTGY5UHZnRlMxTGFaWWY4d2F0WEI3cTMzQQ?oc=5,Educação pública do Piauí vira referência com salto digital e uso de inteligência artificial&nbsp;&nbsp;pi.gov.br
Representantes de ministérios conhecem estrutura tecnológica e projetos em inteligência artificial no Piauí - pi.gov.br,https://news.google.com/rss/articles/CBMiygFBVV95cUxOS09yR3NnQml0SmkzaldqSk44T1piZUJqTzBkaDhXRGdtLWVueXFvODd6Rm8tUUpzcjJCeWdnbkpaaF9WeW5OemhkUmxXZnB6YTREVkFYTE9CRnhXcWVKX1ROM2t5Q1hrQzlocGN4LXFRaXJ2VERxUFBGaVRSeUNhOTZhR0RoMVdEREowdHExaVM0UnZXX2FMWWZ6UWp2S2pJendWR1F2Vy1qbHNSdVF0RmFvczdadTQ2SlMzcDhPVWV6TWMyMzBjYlZ3?oc=5,Representantes de ministérios conhecem estrutura tecnológica e projetos em inteligência artificial no Piauí&nbsp;&nbsp;pi.gov.br
"Piauí anuncia lançamento do SoberanIA, primeiro modelo de IA treinado com base de dados em português e desenvolvido no estado - pi.gov.br",https://news.google.com/rss/articles/CBMi4AFBVV95cUxQYnlpZ3JoNWh4WExDNkdRRnRnUmlUSjVXYnczemc2RXotUUtENjRIMEpFR29DbW9fMFZxa2F2MlNrMDRSWjhPR0RvOUhhaEM1S2M2Ym9MaG5qcHRHTkxZeFhscDhPc0dLcHVxckhpbzJkS2s5M2FZWS1IVHMzWHVMb0lkLWNQalJxTU1lU2g0aDVtR21GRzE0cFhCaklLRVBWUGJ0cmtITlpKc0lBM0dHR3BwS0wxcVN5cVZQcmRQWnhWMnIyRTg1bk9fYW5iZTFfZjhMckU4TlRpRFMzNUtJNQ?oc=5,"Piauí anuncia lançamento do SoberanIA, primeiro modelo de IA treinado com base de dados em português e desenvolvido no estado&nbsp;&nbsp;pi.gov.br"
Piauí e Goiás trocam experiências sobre inteligência artificial e GovTech - pi.gov.br,https://news.google.com/rss/articles/CBMinAFBVV95cUxQTC0xSDhIOG1yVHIwWlhaRlBDRUlVbE03OXM1Vjh1UmJJcjhJMFNKa0ctT0JSdEJ6aU04NXZfUFZyejI3MkpyYzRVcWNWRTF6ZncxekpMSEJhOUJWZVJtZ2ctOHpWcDIweXNaSGh3X2VCYXA2VWQwTUtXUEdYaTZqRFJiVkNFT0g2NmxRblZtYnMxMUZmNXdUZmRNYWg?oc=5,Piauí e Goiás trocam experiências sobre inteligência artificial e GovTech&nbsp;&nbsp;pi.gov.br
Piauí terá uma das maiores delegações do país na final da Olimpíada Nacional de Inteligência Artificial - pi.gov.br,https://news.google.com/rss/articles/CBMixAFBVV95cUxPdnZxdlhEbDhMcDVCVGlCM04yV2NUNW9nMl8zejhrcUpxNzk3aU15dkk5TGZCdF9hVXhDd0YzTGZXQm1mVnJWR1p6MmdpUnRuMmpPa1l1MHF1dXlJM2E1WDNFMjRYMUtUWndyQVJqekxvbHk2RUNGc3l0cnRPT1dBWHBkT0Y1YWI3cVZva1l0NGNpOUkweFowVGZjUFp5Ulp6d0ZZYmpncXNwM0tTSTFKclRZYXA4RW9tcF9iejNsT0YxT2V1?oc=5,Piauí terá uma das maiores delegações do país na final da Olimpíada Nacional de Inteligência Artificial&nbsp;&nbsp;pi.gov.br
Piauí Instituto de Tecnologia (PIT) destina 25% das vagas exclusivamente para mulheres em cursos de IA - Assembleia Legislativa do Piauí,https://news.google.com/rss/articles/CBMi7gFBVV95cUxNWVRBa2tjNmpRUXdkZzNWdFVab015U0plWV9rWE11UnVNM3c3M2hfcFc3QnlHTy1lMTJBWWZGU00tbGZoMGZiUXQ1V1RLMUlCdmt6bkxaQjNrT1l6bDhPcGF0ZFY3N0VaWFg5SDdzaXpxUDh4eGFXb3daMEROekNXLUlUR1pUa2dqQktQbDRJRWNnaVVxM1kxZjdrZ195dHp0N2RFQ2I3WmkwU3RwZWZQem9la09QVUhDNmRlaDB3bGZWZUFjZ3Mya1l1TExEc3duMWVRR3VBazJSSGxybTBTVWthS0E3WXJQX0pSYWZn?oc=5,Piauí Instituto de Tecnologia (PIT) destina 25% das vagas exclusivamente para mulheres em cursos de IA&nbsp;&nbsp;Assembleia Legislativa do Piauí
TCE-PI adota inteligência artificial para agilizar análise de aposentadorias e pensões - Tribunal de Contas do Estado do Piauí,https://news.google.com/rss/articles/CBMisAFBVV95cUxPZUpqS0tyYVRsZEhBMld5aUQ3RmNsZmY3NG1xUmZVbVNscHdEU3MzYjJfYVNjWDlTWTd0dVA0LVVUQ2Q1U1RlUXV1eFpvTjZpb2RWb1ZhOWNLbU1sYTYta09zajRuZGJ3X1JyQXRHdHRhZkRvUDdTN09xd1FXQjcxYndMSU5WZnFhTEdiZDhxWVh2Q2RXUlA2ZmVrSFhaT2tfX1k3REhYQm1SNmJuWk9NVw?oc=5,TCE-PI adota inteligência artificial para agilizar análise de aposentadorias e pensões&nbsp;&nbsp;Tribunal de Contas do Estado do Piauí
"UFPI participa do lançamento da SoberanIA, primeira inteligência artificial brasileira baseada em dados públicos - UFPI",https://news.google.com/rss/articles/CBMi8AFBVV95cUxQWFpBYlQwb2tOX2dra0RtZFVialVzQzBlSmlKNTB6VGREZmRoalJkUXFHQzhRbmhEUFprdEVTbmU1cGF5cFk3ZE4xX3ZNekVwQkd2RDNfYWF5OFlrTUhrOWdSdXpLNlYxeW5JUWhfZmx4VF8wXy1seUFKcXJqcHBWRmttZVdLZVRMbVBoUG9tVXM4WUVTb0dnWXRxMk9iQnd6TXlpMkpLVG45ZnRCTXY5c2pQS0RKaTg5YjBKZHVvbnBTT3I0dVlpUzJTdXMyWHlwWFBWaFBjRE0tYXZaaUhkU1lOai0xYVpvZGlNQ1FMeFk?oc=5,"UFPI participa do lançamento da SoberanIA, primeira inteligência artificial brasileira baseada em dados públicos&nbsp;&nbsp;UFPI"
Seduc amplia formação de professores para ensinar Inteligência Artificial nas escolas - pi.gov.br,https://news.google.com/rss/articles/CBMirAFBVV95cUxNbXd0TkFTWW9KdzhNMjJhbUxxRm0yNTdIUUJ4cWlIbC1yVWNHelIyS1g5QnBUcEJ3eUxIRXJrZDhxeUpHektwM2Z6aVlHQklRbXAxWEpsTS01dXVFOGJaMW04dUM5QzBSOW0yM3ZUVkVQcldMSFRKMm1rLTYtRmhETzlrTzk5OWdiVEhJenNTdEJtMzRSZVhjeUtRYUc5MnFhZFQ5dHo0NHAtNFZB?oc=5,Seduc amplia formação de professores para ensinar Inteligência Artificial nas escolas&nbsp;&nbsp;pi.gov.br
Contatos SEDUC - SEDUC-PI,https://news.google.com/rss/articles/CBMiugJBVV95cUxQOThHa1RjNDEyZzVjbnA3WTVrc1NsWGM5YWFhbDdDV01NLVhiWGtLVlgyZVh6QkZrUXZFOFl1T1ZoSlhpNXBYNERYUUx5aVY0V2tQeEtRcUwwazBCbnZ3Vm11SW8tYkZmZjBvTWRxQ29LV1U4Sno4eFJLeUJxcFM3LWNRNjVGZEVSMGcxbktOcjMxOElMNTJwbi1Mb2E2d3hLUm9qRVNGTTJxSktLemEwUTk2TFladTFDRjdDSmUyalo3LXBJcktVcERMMU5QN3dkQm5ZMmVCNkI3VXVLTFJMekZOVDAwY1FVemJfLUpwNnpCdDZTOWVnT3JRd2h3VENNSVdwN3hBYXVIN2NfdVJTSG5PTDAwRV9XMEFRMy1sS3p0SC1rWGltem5vc2JzTWpMNEhJNkpYS2JnQQ?oc=5,Contatos SEDUC&nbsp;&nbsp;SEDUC-PI
Governo do Estado aposta em inteligência artificial para modernizar gestão pública com o programa CapacitIA - pi.gov.br,https://news.google.com/rss/articles/CBMiygFBVV95cUxOYk83UFVVVGdvR3E4UElnNE9uQ0dYSnVpQmpoZnZQcjJGX3BDaHFGRm1NRURuSWNCVFJjTmJheDc0S2FjNXpRU1BhUDBaYng5eFZyYU1BTzRGZ2hhUUZKTm1kalBmeUhUb3RMUWlCZlJlU0dTWVo1ckctWExXemVPR0I1NERyNDZVRkdreDFGNEZWVzZ0U3loOWxBRzJGWk1JM2diQjZLeUd0T3RVdzlWc01TOTdHMU5NV1dXWndSYXgyTUh2WVZLYld3?oc=5,Governo do Estado aposta em inteligência artificial para modernizar gestão pública com o programa CapacitIA&nbsp;&nbsp;pi.gov.br
Inscrições para processo seletivo da Faculdade Estadual PIT encerram no domingo (27) - pi.gov.br,https://news.google.com/rss/articles/CBMiqAFBVV95cUxPTzdtVnVCN0tYa2dsVEItYVdZeEs0d2pPTWdlSnMzdFZDMkFDek9UWUk5X29KZ3NZekNUTEZ6a1dIalpHMHl5RFpLNUQzdy1LZDlPUVQ2UGFBMk04SHlqX3M1Mlc1RFgtTk5NeGwwUUVoX005WVlFVmFTNVFPeU0zd1lzTS1WdXpXdklSMnh2X2NrVDh4S0dPWFdJS1hub2FKMFlKQ2VmUjQ?oc=5,Inscrições para processo seletivo da Faculdade Estadual PIT encerram no domingo (27)&nbsp;&nbsp;pi.gov.br
Inteligência artificial revoluciona escolas públicas no Piauí e amplia oportunidades para estudantes - Assembleia Legislativa do Piauí,https://news.google.com/rss/articles/CBMi7wFBVV95cUxPTlNPX09QbzBjQmt3UUpRRWpjYkktNl9oU1hnckVNT1hYa0VfT2VienhUWUJCUjZiMnFQN2JHYURvRjlIandDQVVOSVJrT041WVdrN1VYVjktZTEzeU8wcGtlOVJUWmVnV3BlUDdSbks3Y0ZHbnBiTF90cmFmWnR1OExyaHN4bzJVSmdaNUJOM1FYcFB5eEZ4NzBKRE5CY0UyMUpXTzUzNmF1YjJZeEsySV9mTnUwTnFueDNDRXRRWjFzd2packwzbTBSVEFtaERHbnpDaUhNOEtuWFp5VWdZNWdfTTNmRnFEVm45clRQWQ?oc=5,Inteligência artificial revoluciona escolas públicas no Piauí e amplia oportunidades para estudantes&nbsp;&nbsp;Assembleia Legislativa do Piauí
Governo do Piauí capacita servidores da área social para uso de IA - pi.gov.br,https://news.google.com/rss/articles/CBMikwFBVV95cUxOeHY1Z3Rxb0FlUU5CUjRDUlpvZHBQVTZiTU5HY1JxR00zeUw4dVU4THRKUEFuWF9lb1ZMaDBjN0Z1czZfZGlsUklfbFV6Q2dhWG11SzV1MkVXVlRnUVpVRWZpeDVsTWw2aWZKU2tfeXkySVNtZ0xBUW5xMDRkNEMwNEE4ZzE3bC00VFc3UXZBeGp6ZHc?oc=5,Governo do Piauí capacita servidores da área social para uso de IA&nbsp;&nbsp;pi.gov.br
TJPI apresenta JuLIA em curso sobre Inteligência Artificial no Judiciário promovido pela OAB-PI - Tribunal de Justiça do Piauí,https://news.google.com/rss/articles/CBMi5AFBVV95cUxQNEJCVjdldTExSHNfeVNCVG9LMHlrRGs5YWYyUE5UTGt0YW16MjdXd25icmI4U1Y3ZmJWcFlmZlNTWWdXX0g3S2pNZll1RXgzLTk2X0Znb3VBU3JxVGRCdnVlZlZQcXpjbTZVYlkxNVFGd3gyaWQ3OGRvTXBlQWoybHRsMTRpR1NMU3NMZXFRdUxXb29XZnpfelFJUTFBVW1yZDA2UHE1Z1VqcF9UNTBaVmx0OS1jTmJzdXNRQ3NLUnBwWnJWODZHeGhyYUFSdFpia1cwMGp1Q3h4LTlxS1lONENiLVE?oc=5,TJPI apresenta JuLIA em curso sobre Inteligência Artificial no Judiciário promovido pela OAB-PI&nbsp;&nbsp;Tribunal de Justiça do Piauí
SIA Talks promove discussão sobre regulamentação da Inteligência Artificial no Brasil e no mundo - pi.gov.br,https://news.google.com/rss/articles/CBMiuwFBVV95cUxQNkJXMVVKNW5JcDdBNDBGYUg4UXM4aHpfcl9rWVJTbHI2NFVmWjVkcXVnZGtQM3ZSaDN2U0Y3RjExNHBuWkNDQUllWWlaUURsNTlBYjJpVzh5TUtBc2htamxiNjJ4TWc5M0ZMWHJidGJqVmtteGVneHRJeTh2bHJiN2dSRWotZ214TDc3bGE0bkRqbFh2aDh2QXYwemh5RFllM2FlZk1rUlNucG91TWhpaUYyMGZncU1oMWhr?oc=5,SIA Talks promove discussão sobre regulamentação da Inteligência Artificial no Brasil e no mundo&nbsp;&nbsp;pi.gov.br
CapacitIA vai qualificar entidades do OPA com inclusão digital e uso de inteligência artificial - pi.gov.br,https://news.google.com/rss/articles/CBMiugFBVV95cUxPZk1aNG5leXdRaE16ZmZnbkVHbU8zeVdIT2lGRV83eVI4VUdyLWpleE4wWEZhVjE2V0pMVlVubEpzTjFoWm1zRzluS0FPdkswVzVoeDVVNFo4cVJIbXJEV1h2cXFDTDJsLUFkWjMwdy0wN2pLSWVNbWNRTlh0cTFBdmx3dGEtNUJkWnZBYVJsNF9FUkE4dDZERVFtNG93SlByb01QMktMal93eTFId1BKYXNfbVRJUTdVTEE?oc=5,CapacitIA vai qualificar entidades do OPA com inclusão digital e uso de inteligência artificial&nbsp;&nbsp;pi.gov.br
Faculdade Estadual PIT abre inscrições para vagas remanescentes em Inteligência Artificial - pi.gov.br,https://news.google.com/rss/articles/CBMi1wFBVV95cUxQZnJGUktYVGRZN2d4TnZpZDd3a3g0LVZtc19UQU9oU0E0Mm10V2N0TFh1ZW1WZnBYQmhORnNmeThaUHdXeUNDVnRhaWRIaHFGelJ0eE1sVHRhZXVmRzBKb3lMVVgtZ3NYMlFBbUZzdkhCWEhmb0tPZl9qNEFjODFORHNYRGJxWGxOeWxLTTBSeGtWUWNGU0gxbU02bDR2M0xxSEo4RlgzMzEtVkNBZWowTnp6QnlZOENGUVZNS3g1YWhxaUJuYmVYTzNodkJZT0dKNW85TlllNA?oc=5,Faculdade Estadual PIT abre inscrições para vagas remanescentes em Inteligência Artificial&nbsp;&nbsp;pi.gov.br
DER conta com Inteligência Artificial (IA) para monitorar o tráfego nas rodovias do Piauí - pi.gov.br,https://news.google.com/rss/articles/CBMirwFBVV95cUxQdERwemNFc0JCVk1od1VJZ3FwNjY4MjhaQWR4QVc3MnlVX1ZBeVdyTzk2eHJCQktFbTl1bGZpN2pOUkNveE5hZWI0c3Vzbi10clFXaU9oUVplVndWbnZWTEh6MGRwczRCLW9jYURYNklCOWdFcGZqaGxaUW0tUUZwM3RDS0NIWGUybHRUMXIzNWgxd3JyaUt2QVpOS1pNaS1OcS1sVl90SFQ4NWlUc3FJ?oc=5,DER conta com Inteligência Artificial (IA) para monitorar o tráfego nas rodovias do Piauí&nbsp;&nbsp;pi.gov.br
SoberanIA: Rafael Fonteles firma cooperação com ministra da Ciência e Tecnologia para desenvolver IA criada no Piauí - pi.gov.br,https://news.google.com/rss/articles/CBMi1AFBVV95cUxOdHU5c3dsa1JXMFNaLUpjdEdMYXdoaUxERmR3OF9EY3d3Vm13TE1GLTV4TzMydEktaEptM3hUWXpEZFlWZGcwUVl6dnlnY3AtN2prOFBDLWlPT1JSN0hnWkpxUG1aREtDTk02U3ZnYTNTSVpwVFBzR1UxMHdrdmJmYTdnNUt1Z3hIeW9GUVdVSEw3aml2WUFBTUZrMG5UbFRuQ1I0S0ZYVlo1NWsyaWlHaGlOZ1N0aElqdjYzZ3ZHY3UwTS03M2ctQ3l4QjNyQUZOOTJleg?oc=5,SoberanIA: Rafael Fonteles firma cooperação com ministra da Ciência e Tecnologia para desenvolver IA criada no Piauí&nbsp;&nbsp;pi.gov.br
Uespi conclui curso sobre Inteligência Artificial Aplicada ao Serviço Público - pi.gov.br,https://news.google.com/rss/articles/CBMiogFBVV95cUxNSzRSaDBvcU5XZGtSMTNwRXJlVVBIdHJLSDNTRndoWlJSZGZjaDk3VFVzZ19aYnBScmtWMGJuS1pFYUQ5VHctRDNaQ1NuOC1RWkdVOFZxZW1HWWZYZDVGa0g5SEFrOXNLcUdIUkhMUnNvazd6UDZIRnRQU0gxMEQ0bGV5T1Vrb2JOOVNKZ3MxSWNXT1c4M2tQZUFvMldkNFBQN2c?oc=5,Uespi conclui curso sobre Inteligência Artificial Aplicada ao Serviço Público&nbsp;&nbsp;pi.gov.br
SIA e Seduc lançam chamada pública para seleção de professores bolsistas no projeto Conexão Ciência Piauí - SEDUC-PI,https://news.google.com/rss/articles/CBMi7AFBVV95cUxQV1NETTFwSVRucmxmcS16cWpQQVR0aDA4Z0Nhd3pzUE50dk9GNXVTLXF6aEU2S01CTzl2V2FIZEpfQ0tBZEUtZ2NRb1BYRzNidVBJcm82OUE4QkdmdE1Cd2Ixc05OVEt5VkVEandoaTltY0tLRTdiNEtnMFA3aEdQTi1YX0ZDOERkVlJfYzNqR051RnhDX0t6R2x5Sm9GNDY2Rk1Qb0REZzZyQzl0b3BfUmQtM1J2bUN3aFZRSHFsSk1VVk9fcGk3TkZYRERWQkJjR3lMMG4ySmx2YVBfUmVkNXhKUkRfUmxiU3lQQw?oc=5,SIA e Seduc lançam chamada pública para seleção de professores bolsistas no projeto Conexão Ciência Piauí&nbsp;&nbsp;SEDUC-PI
O que o Piauí fez para estruturar um currículo de IA - PORVIR,https://news.google.com/rss/articles/CBMiXkFVX3lxTE0zM3ZSVElJNzNBdkhnWkhBNnZUdFBSNW9DR204b0ZlVTJHY0xTVG1KZHZHNHdNOFNSeG11enEwSnNUWEo0YmRMM2dPRE9xN0ZsR1pTS3FNRnlRcjhCOVE?oc=5,O que o Piauí fez para estruturar um currículo de IA&nbsp;&nbsp;PORVIR
Embrapa apresenta inovações para o agronegócio em evento no Piauí - A Embrapa,https://news.google.com/rss/articles/CBMixAFBVV95cUxPeWI1OHhQM3V0emtWaEoybnJqOUN2WG04R2d4X2dQWURxVWNlUVN6R0hsNi1EUWd3NDFvUmc5NktBcG80YUJoRHRtYXlueVRjOXVyRS1UWHhkY2xOVXdYTXRsMExCVlVoOVZ3a0czWUQ0MDAyT01rWGYyWHFWeXlidThqdXRlVmU4RmgyMWUtNXAwMElJc2hnOF85SUFENVFObDFTcnl4YzJYRkJhbFJQbUQwcEhwUm54SnphdkdLdnVFdmlj?oc=5,Embrapa apresenta inovações para o agronegócio em evento no Piauí&nbsp;&nbsp;A Embrapa
Piauí é destaque no Educação Já 2025 com pioneirismo em Inteligência Artificial na educação básica - Consed,https://news.google.com/rss/articles/CBMixwFBVV95cUxOY1FCZTRUWUFvMThwVUlhYkloaEc4SGxoVHBWbTBXZmoxeHoyNVk5eUpwb01nWGFlQVpLWFRxX0FJc0lWRHkyYlNXWWRuR0tEX1NwMWpDaTU2Qk1JeTF4OFU5VGpNd3pmclJKeGJQSFgzZUZrM2lfaFJwbXJrSVhZYkpOdnhkX0xMY0FXU2pfa19TU3lIMmc5QTNoSlpzT3l3cDFuZWNmZTZtSEIzRmNVTFQ2ODFUamVGb0hRc3Q3SWtjMDZFZlFR?oc=5,Piauí é destaque no Educação Já 2025 com pioneirismo em Inteligência Artificial na educação básica&nbsp;&nbsp;Consed
Parnaíba receberá sistema de videomonitoramento com inteligência artificial em outubro - Portal Cidade Modelo,https://news.google.com/rss/articles/CBMixAFBVV95cUxNdDcyWTkwX0NodGNCaEhueDlaakhLVjdETG5tUUtPblhuY01zXzZJRi1OYjA5d2Y5SmFPeVl4VnBjYWRaTnd2X3VjQzAxLVdJeGlYMk92QjlTXzdESnBzbEh1MktpaWhwM0Z0aEw1TWo5a0ZCdU9xdldUWTVSczhJLTNtd1MwMDA2bmFJM1pUaVluSFZzdWlacHNpc3lNS01IQ0FwTjd0enFGSjV5ZXp5dUVBaGlzYmNWcjFLVC1ESVBNQnYx?oc=5,Parnaíba receberá sistema de videomonitoramento com inteligência artificial em outubro&nbsp;&nbsp;Portal Cidade Modelo
SIA representa o Piauí em encontros sobre IA e tecnologia com Itália e Israel - pi.gov.br,https://news.google.com/rss/articles/CBMiogFBVV95cUxPTVlMTVE4Sno0dTdaUGJmZzJSTXlQeldEMWE1NjNLLXRJMVdoamFLRDR3MG9nMEhmV0FvZmxXdkhKWWJtS0kyWk90TDg1UWVKVEhjSTVsZUttUEZQNS1rQlVOZWtJZnhVZVh2dmFIRU82N0tiR2VXM29VR2U3RUhjTnFkV2RlM0YxSjJ6N1VYQ3djUlNSVkNCOFR5MWJUX3EwS0E?oc=5,SIA representa o Piauí em encontros sobre IA e tecnologia com Itália e Israel&nbsp;&nbsp;pi.gov.br
Piauí quer empréstimo de US$ 60 milhões com o BID para data center dedicado à Inteligência Artificial - ConvergenciaDigital,https://news.google.com/rss/articles/CBMi3AFBVV95cUxQSHRFdmprdXIzVWRud3dYTFNjbW1qM29OUTNOUFhvd21JMU9Na05CMzhrU2xGTVNiRzk2Qi0yQ19sM0hFQXplUWs2dC1wTTdGdm5EUF9kQloyS0FWNTJZMl9iN0JnY19LN2t3eDlLYTVTZjgzODBLcFBqaDZzbThOR2JCYmNmQkJRQU90Y3JGVl9pZHJlanZMUldFejFFM3JuTEhGaklkNEVOZjlzV2ZWZllpbVh1TGNMaUlEeUJKNFBlRjd2OUtxaGdSX0FFWmRkUkxadGZkMmxGVU5W?oc=5,Piauí quer empréstimo de US$ 60 milhões com o BID para data center dedicado à Inteligência Artificial&nbsp;&nbsp;ConvergenciaDigital
TJPI lança nova ferramenta de Inteligência Artificial voltada a processos criminais - Tribunal de Justiça do Piauí,https://news.google.com/rss/articles/CBMi1AFBVV95cUxPWFdZcTBkaHVzdmtDTEw0TzU5dXdINmdiYzlyNHZuV2ZyQzMydzhvbTFMTVpiZFQyTGdCcUpKYTRJZHFkaDFsQUJDVVNCXzloMFhzOWNQdm92V0hIZGozT1FHb1dRMFNHZkhwNnR1ZlhHYUwwOG1QVmN3dnBRVnBHVmJDSV92SVhkNzJmSmRhLVFSY0F5YUxyQkVnS3NXTFFRQ0MzMWFES0hFbkhOZzBETmFRblRWTGgtczBFM2NORlBVS1RVbGRCXzRidXdzUFJueFRNSQ?oc=5,TJPI lança nova ferramenta de Inteligência Artificial voltada a processos criminais&nbsp;&nbsp;Tribunal de Justiça do Piauí
TCE-PI sediará BPM Day Piauí 2025 com foco em inteligência artificial e transformação organizacional - Tribunal de Contas do Estado do Piauí,https://news.google.com/rss/articles/CBMiwwFBVV95cUxNWTZjUFIwOFdKcHNFeU1QNnRSa09mTVhhWVFmbHlyQm1sQ1Fkc2NMeFlueXlSckpqQWRSMDU2QUhiSVFIOEhTbXpWYmZ5MVZacjlUWk16VzZuek10ZmxxUTQxX2E0c1lXZ0lhZ21ZeWQwMGFxa2VvV0IzNk16LUtVTWpJT3g5Tm5kbVB1YnlDdUY4bnN0VnJOQnUzR2RFQkpza3ZQT3Z2d3lkTjFiOUxqcW5QM3RwSG5DUmtFOGRTUTBZaVU?oc=5,TCE-PI sediará BPM Day Piauí 2025 com foco em inteligência artificial e transformação organizacional&nbsp;&nbsp;Tribunal de Contas do Estado do Piauí
Seduc capacita professores para ensino de Inteligência Artificial e uso de ferramentas Google nas escolas - pi.gov.br,https://news.google.com/rss/articles/CBMixwFBVV95cUxQOC1BZk9EaVhLUW9GdktuYkQ3WVVvR0tlMkJveGhBUmoyWndjd1JzczN3N2p5OERaWEN5c0JrdDRtWHZ3SUQyRnZsYUh0OU5zZ21ISEhfYzQyVVpsTVdiZlFUc1NLZzc5bnlpaFBvR0ZxRmxBaXhZRXYwZTc3emw0Q2Z5WGdyTzB1RHR0cnlBTnRhTkJLOXJIRlJ1c05rTzdLRmU2eERkTDVacGxYMk1NNC1ISGZnX29obVYxTGVkVk4wVEZZRWVJ?oc=5,Seduc capacita professores para ensino de Inteligência Artificial e uso de ferramentas Google nas escolas&nbsp;&nbsp;pi.gov.br
Evento voltado à tecnologia e inovação traz palestras e painéis sobre transformação digital e inteligência artificial - Ministério Público do Estado do Piauí,https://news.google.com/rss/articles/CBMi_wFBVV95cUxPR2MtQ3ZhMzVaakg4cG5oZUQ5UVMyajF4a2oxYWM1RHl4UlJXWlRFenprbTU0TUFYU2tCSDFpUVlBc3I5R1NjNU1TNGdqWjRfNEMzSmhiQ2VEV3NfeE9uTDVoejBCVmltZGhqTFdoLXdJQVM1ZU43WFk5Mm9vTUNJWVIxWnRia0NvOVQ5RktWSWU0Y0VrV19nREFHb2FPSnJqX2V4UFJUSVhaaHEtbmFLTnVaTDRWLUVUTzY2Si12ZGl2ejJCN2xNMjFDMTItVkNoaVNHV1h5YlJIOGlETWQ1QlhKX2dTSW01MHBETVNOU2dyQmwyZ3VLTFFvWFIwR0E?oc=5,Evento voltado à tecnologia e inovação traz palestras e painéis sobre transformação digital e inteligência artificial&nbsp;&nbsp;Ministério Público do Estado do Piauí
Piauí é pioneiro em seminário sobre compras públicas para inovação - pi.gov.br,https://news.google.com/rss/articles/CBMikwFBVV95cUxOQVVOZ2RsbjJRa0xSQ01KUXFTYXFrbTRaajJVQ0VZSG84cFhBWEcyQzlvN3BqQUQzejJ5RWs3QXptY2hjRDVqbDRBVV9CZzA1d0pmNWczdzZkMmxHZVl0SmJHMW02a0laLWJyQ0haNWF6VDRLemVzaW9ydlRQb0diU1N2UDVmcnJheHZxUWFOMUhOaEU?oc=5,Piauí é pioneiro em seminário sobre compras públicas para inovação&nbsp;&nbsp;pi.gov.br
"TJPI lança JuLIA Minutas, ferramenta de inteligência artificial para agilizar processos de empréstimos consignados - Tribunal de Justiça do Piauí",https://news.google.com/rss/articles/CBMi_AFBVV95cUxPLUhKX1RadjVoVFNvVGVDVjNOUVlHb2trM3RvZDBaUWlSaGFDeUlRWjlfdmdiek45cEczanE4Y21HVF9yZXUxZEJQam1SVnk0SlV1cXdPR3JiMEYzSHZoaHRQVllPeU1NZ0MtM2E2LUZDMS1IR1pERE5UUEowaDVCa0Z6bWI1QV9EZFY2Yk5yb1VFTm44aVBFU0RIdWpvQmtQaHNKcW96Q09wT0tENndMRnl4R1MxMzhfdnpMWDNtakg1UU4wTGQ5QWRBa2N6dzR5TmV4amwwQlF2NkNwVlhERHlZeDg5Y0R6NXVVTzR0OEtVVktialc0NHFIbWw?oc=5,"TJPI lança JuLIA Minutas, ferramenta de inteligência artificial para agilizar processos de empréstimos consignados&nbsp;&nbsp;Tribunal de Justiça do Piauí"
Tecnologia e modernidade: TJPI apresenta o Sistema SOFia no EXPOJUD USA 2025 - Tribunal de Justiça do Piauí,https://news.google.com/rss/articles/CBMiygFBVV95cUxQM2hhVXNEVHlCbWxQNUNSb3l3ZkJVX0NHcWtKZjVvUGI0RFVtQ2E5YXlVbUEybjNTWTM4ZlZ3YXZrbjIyN2xlSThwSWt5dGNVRXE4ZFhxSUg3dlNHQjEwTHp0cE9mM0N4T2ROU21leDJuMGR0bjZ2Q1FWckJkS09iR1NPMXZXNzVsLUlUU2ZkZkYwOXFuOGV6cUxIQlFMdTgxWS1nM1AtSHNBVlhFRVBNdlZkVWdkZVdEX0Yzem5Gb2h2dzlycnlEZGJR?oc=5,Tecnologia e modernidade: TJPI apresenta o Sistema SOFia no EXPOJUD USA 2025&nbsp;&nbsp;Tribunal de Justiça do Piauí
Inteligência Artificial nas estruturas de poder no Brasil é discutido no TRE-PI - Tribunal Regional Eleitoral do Piauí,https://news.google.com/rss/articles/CBMi0gFBVV95cUxNNWM0Ylhwb3dObDJTaV81dkFiUGhXcW40OWxTVnZGTnJJZlZiSzBFLVppN2ZZMFRuWGNxaGRlTW5Ha2g4cWZFRXNKN0E5ZXczOUpzeXh5R3RsRFBXVHZKSEtZZEJkTG83dGdVd1czZzkzdW41ei1NNWpoZC1XVVgxQkpVTkVuYjc2V2dmT1RkTFp5N1FpcFZjWUFWb0ktdUJoaXU3SjE3RlBKOEY0RWlZakJZVG5OblExQ3hKM3VMZUMzbHhxdHVDMWRYTHIydmN5S1E?oc=5,Inteligência Artificial nas estruturas de poder no Brasil é discutido no TRE-PI&nbsp;&nbsp;Tribunal Regional Eleitoral do Piauí
TJPI apresenta JuLIA em curso sobre IA no Judiciário promovido pela OAB Piauí - Tribunal de Justiça do Piauí,https://news.google.com/rss/articles/CBMizAFBVV95cUxOenpld0VhLU9UNm5jOG8yTlc0b1RYbllmWGtFY01fRDJITHFvMW1RVkdxUHhZVEhoY1dvVTNvMlYtT0lQVU5ibktvYnlsek9MNW9mRTVnOGNUZ0tUcFpkQ2MySC1sUk9paWNuZEYySGRHVU1EUi1KNUVCV1R0dHpYVWlmRXg5OU5Yb1o0NUpJUjFMRnlGaVBrU0d2ZEx6U3RSdVRIOUVnSTNaM0VPVGlXVGV2Um9OSkRPX1dLQV9hVVgzdURfdXp4WE16RzI?oc=5,TJPI apresenta JuLIA em curso sobre IA no Judiciário promovido pela OAB Piauí&nbsp;&nbsp;Tribunal de Justiça do Piauí
Governo do Piauí autoriza curso superior em Inteligência Artificial - CidadeVerde.com,https://news.google.com/rss/articles/CBMiqwFBVV95cUxQbkdtRkRsdXBXNmU5dElEdXl2N05QSzZCODBzc1lBQzBvekpRQ0NFdWVLNWNJS0tIQ0hUajRrbnY2Mm1ac3Jydl9MUFJja3B4bmJhOFdaR0hBM0lxNWUxWWpST0EwQy1iTUFnUXJkTjBsVmlNTjM1cE0wTzR0bTBleWdQWmlONkpwZmJ4R2R0S3FJZDc4bEpTLXAtLUZYSlRDM3JzVFVWbGgzaWM?oc=5,Governo do Piauí autoriza curso superior em Inteligência Artificial&nbsp;&nbsp;CidadeVerde.com
Secretaria de Estado da Educação - SEDUC-PI,https://news.google.com/rss/articles/CBMirAJBVV95cUxNT251TmpTZ1JxQ2NpN2YzZmQ2WGVrX2RoUmhrejVPWG9qR1dGNllVTTFzcTZjOGhyMy14ekRpV1I4dGJlSUFTWndTQmozQ3h1c2ZEaEUycW11S1JoWW1sVTgwTk9wcVpsS1JNWUpnUDMwTjZBVW9LUUMwMWhJV3U0el9XVEtJQ0ZRWU5hQmxDZnRIQnNPcWRCaU9IWEN1ZU43a1Q0MTRpQjFiSUpzTWxMc3hNeXhtekM4RjRrR3h0ZWZ3Yms1d2YtZ295c0Y4LXg2bEp1SDJLRUNYRzE5dTM4V3RUS3AtYldoLTloQ25nczNLTlNOQ3hvT29kYkx5R2EtenFWdVNTQUt4bU03a3E4LXgwa091VnB5Y1V5Z2VjcXFOSUVVSGtkRDNlR3M?oc=5,Secretaria de Estado da Educação&nbsp;&nbsp;SEDUC-PI
Pactos pelo Piauí: Governo aposta em IA para modernizar prefeituras - pi.gov.br,https://news.google.com/rss/articles/CBMikwFBVV95cUxNMWJoOTBHWUFxRWQ5dFN1eWhCcnV6R2E3YlBrLXExSS1MR1lUdlE1SzhfRG93REpXZE9tRHBtenFjMkJPeGpTNE5icDBuU2NxblZRZHFINEoya3Z2dE5NXzRvTW5GcF95eHIyQ1hFQ0t0d05oc2ZpNTR2YllndHpuQmVUWC1OZ1VyaTNNYkwwSDBZd0U?oc=5,Pactos pelo Piauí: Governo aposta em IA para modernizar prefeituras&nbsp;&nbsp;pi.gov.br
Contatos SEDUC - SEDUC-PI,https://news.google.com/rss/articles/CBMi4wFBVV95cUxQVVhkVmVZeW5CZXRIWGFJUXFHVFhqUll0QmdrTXRxOFY0cVZabHBLTGNqLXkzbVpvbnFXUXBZZXF6WjZxV0d3ZlBzcVVWa2haZm9pemI2Y3hyNEhoaElLYkxGM0s3cEJQSXNvUnk5a2N2VFFSX3lUeHFnangzbjNjaHdvSnhjNnE4YU5PWEhDNGx6eEg5T01SZFJQb1I4S0p0cDBkZ3pLbnlwQjdGSkFEd2NUSEQ2WmI3WmFncGJhU09QS25PN1pfVXZXX2dfNFdVaFlrUUJ0cjF0d1pUV1lpblB2RQ?oc=5,Contatos SEDUC&nbsp;&nbsp;SEDUC-PI
CapacitIA: Programa que capacita servidores públicos no uso de inteligência artificial conclui a 10ª turma - pi.gov.br,https://news.google.com/rss/articles/CBMirAFBVV95cUxNZ05vQXJKSHA0T3RxbnZVdzJzdGVBTUdQWnBWYkRZcVV0QkNtZFBvMVFzRE1lb21RWm9Rbk5FN1d5cmRzdUtqeXk3YmJIT0pwMGRqWVEzczdza3I4d05EMUlBUi1XcVUxcDF4ajMxUWtydFNTZ0N0VHBWbVdkUG9jU3g5bFIyTUM5QXp4M003bjk4Sl82UEEzRTJ4enBVb0RGYW9kRlE0Q3ltLWNu?oc=5,CapacitIA: Programa que capacita servidores públicos no uso de inteligência artificial conclui a 10ª turma&nbsp;&nbsp;pi.gov.br
Consed debate Inteligência Artificial na Educação Básica durante seminário - Consed,https://news.google.com/rss/articles/CBMipwFBVV95cUxPYmMxaE1oLUlkUVBRVEE4dmFUNGFuNE43TnJvTmw3Y2pweXFzbWl0Qm5qN3M4THNfUmU4MEtmdE54alFJSUhaY0djWWkwRHlOX0hRMWw2S0haN082NFcyYUhpOHpubW9IVkpnWEN0YkU2ZGhQR3Zzbl91cWpUY09PUjhCYTViRUFDTk5oa1ZIVVFHMGpYeWpHN3VhNVlqY1NsbGU2dTZzRQ?oc=5,Consed debate Inteligência Artificial na Educação Básica durante seminário&nbsp;&nbsp;Consed
Governo divulga resultado final de chamada pública do Conexão Ciência Piauí - pi.gov.br,https://news.google.com/rss/articles/CBMiogFBVV95cUxPeXozUHRYOG9rc3pnTGs3UWNraGtjVy1ISG0teFhsMVBkdVFtSzNxYnpBNkZyaTl6MUJxLTJIN0tXak9pOFZnS3VRZUVvZEtnME8xUW1ybFNXS3pWMHFiOGJxdlFMUE9nRHY4OUYzLUExV0RBUmRyV2ZWXzhkNGtkdXJyeDhxNEZoVVhIWDBMay16LUFqOGExZXpibEJlUGdTT3c?oc=5,Governo divulga resultado final de chamada pública do Conexão Ciência Piauí&nbsp;&nbsp;pi.gov.br
Seduckathon 2025: Piauí transforma escolas públicas em polos de inovação e tecnologia - pi.gov.br,https://news.google.com/rss/articles/CBMiqwFBVV95cUxNZlNvbURmTU0yODJJN1RZQktwQnl2Rk9iNFRZVWk0TWM2QTg2THdpbWREYmZrMGpMVkI0aGhnaWpqZURzcGthZk44R0xxcDBDUFlLSDhKeW1NQXVTdUlmLTJnTExGREdOMVdlMG9DSk5rZlNJdFllR0hWeVphNVdRWDIwNHNHTzRMS21Db0Vqd3hFbjF4Y1MyMjNlRS1fcWt0S0ZqRWhfa2NtMnc?oc=5,Seduckathon 2025: Piauí transforma escolas públicas em polos de inovação e tecnologia&nbsp;&nbsp;pi.gov.br
Tecnologia revoluciona ensino no Piauí e aproxima Estudantes Seduc do futuro - SEDUC-PI,https://news.google.com/rss/articles/CBMixwFBVV95cUxNYUNfX1hkTGZlZnhzbHk3aFc5M0xwRFdkUXR5Q3N0Tkt0ZHhycDNPM1l5RWphQTlZM0E5MjltRzg0Tm9CQ3ZrU1BIREd3WEo2aWtfd1U0Y2xxNF9GSndWU3dBWjllem1qbWhRdXFTQlBscHRjYXlNRUVnbVQ1bUNTb3ZmcFV4OExubEpTNTZRYXRTcDRZaG9Ic2V5blphNTdGanBJdkZPbkkzWEhLS3VmYXdkaFZQdmN0LUJxQ3d1UjRBTk51aGJj?oc=5,Tecnologia revoluciona ensino no Piauí e aproxima Estudantes Seduc do futuro&nbsp;&nbsp;SEDUC-PI
Piauí aposta em data lake e estrutura de dados para avançar em IA - Mobile Time,https://news.google.com/rss/articles/CBMigAFBVV95cUxNWGR2aWZRWmhxMHVRaVNvRVNmUzJvMWtKLWMwYzhoRlgwYkdtTUkxZ010WTdMQXYzLWxKUmZXWXdjNE9ZVnZxYU1YNzUtclJ6NmllbUxNeTNCVGV2QmZmTFJObW9YS01GTjZmWVdQTUIzaENlWHlRMDRMREVSWF9LSQ?oc=5,Piauí aposta em data lake e estrutura de dados para avançar em IA&nbsp;&nbsp;Mobile Time
Piauí lança Sistema de Videomonitoramento Urbano com Inteligência Artificial e inaugura Centro Integrado de Comando e Controle neste sábado (16) - folhapiaui.com.br,https://news.google.com/rss/articles/CBMi_gFBVV95cUxQWTlUb1p4cXZMOTR5TXhaSDA2eVRNcmVFbW1YX3BnQ2U1NlNVUk9XR0ozSFByTi1uVE1WY1RLa1B5bE03UDl0bUNvZHJwdi1pYXBLSzFORnhxY1NWMTQ0ZDc4NXZvR1V2LXIyYjFmcDBNdjQzeEFlMFc4bWt3Z0h1YTFyaF9uUmNlcHM4S2JIOUx3SVk0ZTNwSGc4ZXlES2ZQb280cG5saUhaUFIzRWlNZjNYcEVSNlNFcFg1bFV3RzlidVJmV2JibFBwOTE0S25xbUU0T3FwMk12b2JzRXMtS2kyb1ZySjF0c1duMDgwZ0dEMlAtVkN2NGhlVlNpZw?oc=5,Piauí lança Sistema de Videomonitoramento Urbano com Inteligência Artificial e inaugura Centro Integrado de Comando e Controle neste sábado (16)&nbsp;&nbsp;folhapiaui.com.br
Parceira entre Ministério Público e Secretaria Inteligência Artificial fortalece inovação - Política Piauí,https://news.google.com/rss/articles/CBMiygFBVV95cUxQazNsNTdYVmhZY2Joa1p0TTdWUkQ1M1NXdEM1QXludm5OZ0x3Zi1uM2pub2ZtenVraGdDVC1BWXduV0RSZWtWSWRaVDl2TDlOSVZjaGhfNEIzYkJzXzJUMHdPMUpQOC02NVhPZ19WSGVxeXRmNmlzTEtWVnRWbkgycXJfeHRQY0RJZFFQeFNXdG93Q3ZlV1FFY0Zib2tobk9vWkdZRjU5RG5yemRQNWt3LTFOVjZ3NWtyaHVCdkFMYWJRTlNWWlpsSUxR?oc=5,Parceira entre Ministério Público e Secretaria Inteligência Artificial fortalece inovação&nbsp;&nbsp;Política Piauí
"Estudante do Piauí fica entre os 8 melhores do Brasil na ONIA e avança para seletiva internacional de Inteligência Artificial, na China - Consed",https://news.google.com/rss/articles/CBMi-AFBVV95cUxPQjRfMkF3LTlteldUU3VTSHJoMjVHazJFWU56SFRXWHJKMjNRNDV5REE5ZUNmVXhrSm4yY1NnNnRMS0s4WV9ZLTBwNDlEN0l0bURBYTBFdEZYRk1SQjItT1RTeDF4MVVLbzA0NkVZUGp1bllYS1dWWmxwQndPWnM1Yi1CVDg5b1JESmxzLVJVRFdiMUtGVW1SS0xWUWdnZW9EZzlOdFVRdTJMQklHU0pkSjJYUnVIdUluSkJlM016WHRsdDBLRF96Nk5SRzVOSjNHWFVHbUZwV0U5cDR0Vks4V1VCOWRBS05EVkQ0alVFWnlEWi1tUk90bg?oc=5,"Estudante do Piauí fica entre os 8 melhores do Brasil na ONIA e avança para seletiva internacional de Inteligência Artificial, na China&nbsp;&nbsp;Consed"
Como a inteligência artificial está transformando o mercado de trabalho - Conecta Piauí,https://news.google.com/rss/articles/CBMixgFBVV95cUxOSERfcy1YYUdFVjU0VkRkMEc1NC12YnFBQ3h4MVh0ZGNDeVFTcUVTNVFWMDZ5U3dxbHdkTTNjWHpjd09aT0JKZzVhTEJIVERMdXpmN0F3YlhXXzVVX1RFQURGX2w3WkhjU0J6RE4yTlpQNVhSMnNrSnFLTUx4dU5HVzVxbEt5SmFBMS1VS1hCNmFZaDc1akpteFpJVW9EbmxWZnpYNW9HT2txV3lxaGZ5aFQ1eTlkSk5wZ2paTmVaSlk2U0xaQVHSAcsBQVVfeXFMT0xPa0V6Sl93RE5SdVRMX3pHUWpNUXlGaG5WWVpXNGM1dllJWFdmRmQ5ZDdLZTU2LTlRRHVISHBjY0tNNnNvZEpLQ3cwMTdscHBCXzUwSElhbFdGX1hwUHFkMXZITE5EVmV4NDZMRG5BUjQ5R2JsbVluODlna3FMX3FyRVF3aE0tS2RxTzVZZGsxNjhKR0Q4SjZ6QUJiUXNrbDdZVDNKVGYzdXFqdVJlNUJ5NGRHNllhSUZuXzlTV1dvY1hteEJUY0dSM28?oc=5,Como a inteligência artificial está transformando o mercado de trabalho&nbsp;&nbsp;Conecta Piauí
Programa Qualifica Piauí ofertou cursos de capacitação a mais de 7 mil pessoas em três anos - pi.gov.br,https://news.google.com/rss/articles/CBMitAFBVV95cUxPcEhHRVNrYV9icWRDMmNXVk5YWHUxMEduYzZIRmdvQURzV0lPMDRVQ0RETEZxV3g1MERmTnpNc3ZfcnRMbVhwZkVDdHVtNkdsOG1WQTlhWUY1blRaTkZfTUx3dXc0Z1JCNWxNLVY5YmFlamZabXdEUXhjR2RZeTZZUng0ZzNXNUxtSmF3ZTQ0MHUzTF9EdWMxTU5UQWcwLVBLbVZpS25SdnA4eFY4RGR2YzQyNEE?oc=5,Programa Qualifica Piauí ofertou cursos de capacitação a mais de 7 mil pessoas em três anos&nbsp;&nbsp;pi.gov.br
"MCTI e Piauí firmam parceria para projetos em IA — Ministério da Ciência, Tecnologia e Inovação - GOV.BR",https://news.google.com/rss/articles/CBMisgFBVV95cUxPNDFueXFRRlpxanZDSUFmQ2RZQ2xSUG14OTFhZjJIaGxDaUl2YngzZDY0T3MzcVVqclhTQVcxSDVDdGdRYWNkNnNHT0FFRXpFV3lINzdqTjF3M2Q3d3VXV0NvcDNQMEVVTkd1eGQ2ekxpSldmWGRxakRBUWdVa3Q4WEVjUDd0c1VCQ2JJQW9PSkZqc0JvcXVtRm9lX0o3dl95MGhjVzY3OGNXSGhQNzZJZWFB?oc=5,"MCTI e Piauí firmam parceria para projetos em IA — Ministério da Ciência, Tecnologia e Inovação&nbsp;&nbsp;GOV.BR"
"Piauí reduz pobreza e roubos, amplia cirurgias eletivas e ganha destaque em soluções tecnológicas - pi.gov.br",https://news.google.com/rss/articles/CBMiuwFBVV95cUxPbHhOTHpWN2dETFA0VWtfVjBEMG5tNVFaUlluc2RMNWllNW9lakh5bVJlRkx6NUZhZHhMS0dOa0N0cHFHUnhnSG1IN29VY0k5VFVmMmlNQ0Y2WjY1YTNjY0hXVHU1Nnc2QjVPbUh1Z1dYMnFDQzNhOEhNSm1rRTNBbjNTTmpZTGEwTFNfVUNjVnpPNjFlX3doLW42OHh3YjZQa3pHQXF2bllCZ2FKSFlsanNIbHE3MEVnUllV?oc=5,"Piauí reduz pobreza e roubos, amplia cirurgias eletivas e ganha destaque em soluções tecnológicas&nbsp;&nbsp;pi.gov.br"
Governo do Piauí institui SPIA para modernizar policiamento com tecnologia - Conecta Piauí,https://news.google.com/rss/articles/CBMi1AFBVV95cUxNNmZBRVJMMk5mMmU1Z3ZIV1JCNlNQTnJkRDhtNTM4M3UzWEoxczFENE90Mm1NSWJIYlBVZTZja29lMHp2cEpYLW1lclY4WFBkV21CNldnQXZCTEEyaDBYZGNIYlh6VTZJOXFJbFE3VDZwVmFxcDlHeEZJUEVpT2pIclNaMFVsS2gyUzFXRzAzdk05cDFEckhGVWp6d2N2REpPUEtSVnFWMWV1dXVSczFpT2FnaVcxak9ONHpIM1JULTN6SHpsNFpUczF1RERfZHp1M2ZNQtIB2gFBVV95cUxObDdlR1lDM2hWRWlla0JIaDhLSnN6NzJHbXdIUXZ5WXlfVjVCdmpHTkd3SGdoWkNzLUlkeGFJMjcyVnZZTGNVX0xveGJnYUxVSHNfcE1uRk9zNGFqQlh4VWdnVVl0clloeG1UbWk4UVEySkN3RXBYcTV2cXo1MnV3RVdQR2NaUkZRY2RmZmJDQWtDMTRTcHk0cVRrQXNyU2QtcGgyQngwQkM0LW9xYVFUdHZGN1FfeDBsNHNKYTRNcnRlSWNxZGltNEpGeE1hV0gtNkpLT1R0dGdfdw?oc=5,Governo do Piauí institui SPIA para modernizar policiamento com tecnologia&nbsp;&nbsp;Conecta Piauí
Mais de 22 mil Estudantes Seduc avançam na Olimpíada Nacional de Inteligência Artificial - SEDUC-PI,https://news.google.com/rss/articles/CBMi1gFBVV95cUxOQk5WdkxJc3A1RktCUHllZWlqV3VELTNncXlscVNKQ21JU01lallkMU51bm5IbFZ4ZEpacWJ2cl9ieWtWM1c3OUVDdXNySjN2XzNkZGZPeC15TTZ0YVhFekdGNEhFaXhoNHdyMGtjc2dVUE93b3dCYlNINjN3RHlhS1Y1Mk1ZQzVjRVBtSGwtVHNHRnoxSS0yWFJkTDFjUnppVDVoRFhhSkxGZ2hQbFZqdlZUaFN2M1Bkazl0OUlLQloyTE1wbEYxU3pQdnkzSjJlQ2VxNFdR?oc=5,Mais de 22 mil Estudantes Seduc avançam na Olimpíada Nacional de Inteligência Artificial&nbsp;&nbsp;SEDUC-PI
Rafael Fonteles destaca importância da economia digital para o desenvolvimento do Piauí - pi.gov.br,https://news.google.com/rss/articles/CBMirwFBVV95cUxPU3lrTUFDczFLMUEzZFdPaVFER3Rta3BVamZMVk5nQ1VmSDhPbUpaQ1dYSVZIR2NtOEhNSU1TNWZNSjlpQWVWaWNjeUl3dTV5bGg5TTVuWjlnYldjVHp3OXBPLXlKMDdxODNSdVR4QVNmX0lKNzE2UjAzWkdqMHZmMmJUX2IzSnU0Z2VEbTNLS016NGtLdVBvU3NHcWwtLUFLQ2RCZkhOY3dJNWg4cUdV?oc=5,Rafael Fonteles destaca importância da economia digital para o desenvolvimento do Piauí&nbsp;&nbsp;pi.gov.br
Governo do Piauí realiza segunda edição do Papo de Governança nesta sexta-feira (2) - pi.gov.br,https://news.google.com/rss/articles/CBMipwFBVV95cUxPak8wUUwzVDQtRDNKTGpCQ215LWkxdHB4eEZPckJNbzBkSDhyc1BHRGpvOGFoa2tHNlJCV2ZVMU1rd1JvUm9VSVp3Z212VElFNDJkMk1DNG1tYUNKRGZzSzlJN0lFVGszR1BSNUlMUnNOTE9QUVpBVklhMWYwaHRlaTcyT0tyTndaaE14ajJldDgtZm1sQkhYNklrRGV0UGtPdjJyNGh1Zw?oc=5,Governo do Piauí realiza segunda edição do Papo de Governança nesta sexta-feira (2)&nbsp;&nbsp;pi.gov.br
Sistema com câmeras que reconhece ocorrências e aciona viaturas em tempo real é instalado no Piauí - G1,https://news.google.com/rss/articles/CBMi9gFBVV95cUxNdElfSjRtSzVDTUR2bnMyMUI0cE1OcE9wZFNJQVZsTHROeGdGWGFXNzZfdjZ5ZlNRdlR5OGg0TXlqTjVUUUd0Sl9acXpSM1VGMEdMRXpQa3ZoTEx3VlM0X0tGcjhPaC1LMFFLc0hUNVpOV1J0d3pEYVl1NV9GdS1DbDZjTFBiZl9CYkRKd2hCRS0xOFBydWFBS3F3bDdzSFA2UWQ2SlBDU3dPb0ZXS3FlRzBSQXc5VXVCdFl1V3FvSk40UHdWdVFwY2p1Q0I2M3ZFb3hRY29iY1E5ZDl2MHI0T2tkaU5wUmNrdno1T2xyZzBHaHZIM0HSAYQCQVVfeXFMT09VUU1uMTZGWGJxdHdVRkxETVZGdUNoQWdlOVVSQTktSGhTNzBhck02NkxFc1dKWmxhT2ZiOUtXQmhKS0dQVXk4bXd0a0d2TmlHa1dZLTRfMi1wVHJTTTlIci0zNVl4RF9NV0w2bkdwWnZMcWZOMnF2eHoxaGoyMDdoSGZlY1YwVE5hR3FRdmgwNHV1Vl9zdURtTHliVlBqZ3B6Zkw3eXBHR2tNdXh1dHlOYzkxNWp3TlRySmgzSlp2bXN0M1ZaaDBaRlFMa1gzMm5FX1lGTHFZMmV4Rk9ZaC03N2QzOEtWWE56Q0tDQW1zODlfbGVVYWQxRHFGcmtTeU94M2I?oc=5,Sistema com câmeras que reconhece ocorrências e aciona viaturas em tempo real é instalado no Piauí&nbsp;&nbsp;G1
Governo digital: tecnologia é o pilar da gestão de Rafael Fonteles no Piauí - pi.gov.br,https://news.google.com/rss/articles/CBMingFBVV95cUxPTkc2ZzF3a3czd2YtVE9DaW5WU2RDVHRmMjBFVW9Fcl9pRnoyTFhIdXdZeHRESm5pejJ6djFYUWtyVVFYc3FhSTA2a05sWjlnRXVtaGVXYVRSMlVJZy0xZTNnellNODJJSXJHWUF3U2p5R1pxZ1BHQUZIU285SmM5bU5NbnlQSDRHT2hxYVZWVUZERTMtLWMyZ0RUS1c5dw?oc=5,Governo digital: tecnologia é o pilar da gestão de Rafael Fonteles no Piauí&nbsp;&nbsp;pi.gov.br
Governador lança sistema de videomonitoramento por IA e destaca tecnologia e integração para barrar a criminalidade - pi.gov.br,https://news.google.com/rss/articles/CBMi1AFBVV95cUxNTTNqWHJsLVlYbS15dnpET1YwM2lJX184a0JRNkxVUDBpVFdJSmtXVzZjQWFUbTR0dnRodUZrbnZnSlBVWHFPMXRFZVVlUDJINE82NXFUWUUzaE5URXByZkxfY0UtWFpCUjEtY0J0QnBSTzRqbkt6clBlNDUyZHRxYVdoQUc0M3drRGsyY3VqZ0VzcEROdi1COHNqbmROVi1fdjZGS2diRG8wc1JDUWVFMDczYlh4Q0tQdTBDRGEyT3p1TEwxX0NJREZ6N0xDYW01RFRnaA?oc=5,Governador lança sistema de videomonitoramento por IA e destaca tecnologia e integração para barrar a criminalidade&nbsp;&nbsp;pi.gov.br
SoberanIA: Piauí e MCTI unem esforços para consolidar IA nacional - Movimento Econômico,https://news.google.com/rss/articles/CBMivgFBVV95cUxOS0xBUVdwcUJhc09USmZxUHRyVms0YktoSXM3c0pVbExaSkh0Tk95M2cxLXR4elRDeFlpQW5HbVNNb1lJV3pDN0JLWG9oM08wNU5Wd0hJeGZnTXg5YUw0QXdQQzNhVmJrSThxNTdOdDNMN3J2RFhGRFA2cVpNRy1SM0FIODJpaWUwTEFoYnpnM3hfLUlGVGs2U0NkWnpfd0NJUTdmZWNOMjFFeTlhaEVNWlN1MXY1YUU2dzVndjdB?oc=5,SoberanIA: Piauí e MCTI unem esforços para consolidar IA nacional&nbsp;&nbsp;Movimento Econômico
SoberanIA: conheça a IA desenvolvida 100% em português pelo governo do Piauí - TecMundo,https://news.google.com/rss/articles/CBMivwFBVV95cUxNRmo2QWhlMV91ZXJmTi1qLXlndjJEUjQ0eVNGdWtJcUhTeXdpY25uMFBuZGdNbG8tWHFPR1pNSExKN3hFcEd3R0lRekFXcHg3M29ZbTh6bHpqUVFDMzhHT1BQME11eVJnbWs5STUzdFgycUxOR0hEWlJsSFB6R0djbExXaF9EbkxMM3lUazhRN2g1TURjbDZyQ2tsSnFXNXowVW5SV3l0MEJWZWg5bjZHQnNzbzFWeUV4MU44RDQ3aw?oc=5,SoberanIA: conheça a IA desenvolvida 100% em português pelo governo do Piauí&nbsp;&nbsp;TecMundo
TJPI apresenta Sistema de Orçamento e Finanças por Inteligência Artificial (SOFia) em Florianópolis - Tribunal de Justiça do Piauí,https://news.google.com/rss/articles/CBMi5wFBVV95cUxPZTVXdDV1aG1DMFJDODJGUEVMLWg4ZVFHVWljZWhfOEtrTkd4WmRWWmxpbERrTTN5TXVSYmFIT1hkSG1uSFotNDUyVXZfX09lTnNLVW5CcGgxQ3V4bFpSNnV3WkJTaVl6M2lzXzZLclFnNUJxdWFIaEppMGVfNV9fUkY2cFlESTRCaEljUXBHeUxZOGlqN05lUGZLVTRhWXhaS1N6N3NqZjFjbzJUUEpkTDNnY3NVaDExaU16Q2JKMHp1cWZNanllTEVqQUFZOHdTN1JVXzNMZkNDS1RrTGFSMThVdUEwUEU?oc=5,TJPI apresenta Sistema de Orçamento e Finanças por Inteligência Artificial (SOFia) em Florianópolis&nbsp;&nbsp;Tribunal de Justiça do Piauí
SIA e Seduc lançam chamada pública para seleção de professores bolsistas no projeto Conexão Ciência Piauí - pi.gov.br,https://news.google.com/rss/articles/CBMixwFBVV95cUxOU3ZzSGJJM19hZ0p1Q0NTNXgwOW1VN01YYlJwd0NxdXQtWlozbVdmWmUwcW81NTc5Y3NveE9IUXdhN3V3SE0wZ1EzbklCbl9sQUdqRXpEWEVvN3N3SDVEZVJQVFVGRWxncVRvLTk1bjMwbFlENGJzajA1MEpwbUMxMHprazNuVUFOVVprMGVXS1RldXZBWm1wcnBhbjJYZlAyaHRucFR3cExqYzZEajNURTNyX3dIMG1lbmQ2WDVkU3Z2RzhmU2x3?oc=5,SIA e Seduc lançam chamada pública para seleção de professores bolsistas no projeto Conexão Ciência Piauí&nbsp;&nbsp;pi.gov.br
Estudantes da rede pública do Piauí participam de desafio tecnológico - Agência Brasil,https://news.google.com/rss/articles/CBMi4AFBVV95cUxPQmx0RklGeDgtbHZHdXh5eldRWi12X2hzV01WNXhfeklEWkpRNEQ4WkNXOGhYeU1pdUM1T2dRcFNXV05kemJPNlpZOHoyRVdFbDZvc18ydHVORGIxQ3l6MjdQS2hmVXRQQkVuaFB3T09uWEgxYlZyMXpHLXQ5U2J4ZkY0MjZMM19TX2hTNF9TcEt6ZE9YWDh3VEhBaW1ONUx4RjFwcUhCbGRkWTJCWW9CQmVXY3Q0UVg1S0pyN1NyNWlDOWFXT3dFZURlZ25WLW9yNDdSYnEzWjNRWDBfYkgtWA?oc=5,Estudantes da rede pública do Piauí participam de desafio tecnológico&nbsp;&nbsp;Agência Brasil
"Piauí lançará SoberanIA, primeira IA brasileira para apoiar serviços públicos - Geocracia",https://news.google.com/rss/articles/CBMioAFBVV95cUxQV05OV2ZEWjk2U3lBR0VIc29lNEh5VzB6bHN1azI3emwtaTdpQnY0QWpabjh3dGVsNGlXMllFVkc1cU9EZ1M3cGN5bnpDck9IbVNubERsc2RWSXM2bkF5ZlNsQ3RtWGZ4TkxmZ3VXVGx4dWprMlllOS1yTVFGYzZUY2paWHlQcl9XTEt1U3NNTWRtbXdqSVBiMVZfSHc2TF84?oc=5,"Piauí lançará SoberanIA, primeira IA brasileira para apoiar serviços públicos&nbsp;&nbsp;Geocracia"
Comitê de Inteligência Artificial do TJPI realiza primeira reunião - Tribunal de Justiça do Piauí,https://news.google.com/rss/articles/CBMivgFBVV95cUxOQzNXU293eElnd25pc0RndERWZGIzV2RrN3VQWURJVDdldWpfY2FuTUt3ZkZRak9id2hGN2FIdHVtY2h6NjVKdkFTamVRR3JycVVSRlBMMmFRRk5SZnpPTkE1Tkh0eFdrU1h4czdDc0g3VFlVQ25EQWNodDh5UFdJdThFZzY2MmxLcFBrSG9TTHZ0ZHA1bGJMQjJRdlJ0OWdBS2tfeUFBaGxDX2djTnJlMXl4RndCRVZ0UnhYcDRR?oc=5,Comitê de Inteligência Artificial do TJPI realiza primeira reunião&nbsp;&nbsp;Tribunal de Justiça do Piauí
Painel aborda os impactos da Inteligência Artificial nas estruturas de poder no Brasil - Assembleia Legislativa do Piauí,https://news.google.com/rss/articles/CBMi7gFBVV95cUxQeWV2N1FUZWlYdmpWQW0zcDRLSDl1S241TXpUbjhjVVFyVDJnM2l3VVA2V0RnX0E0VldWblZlUlh2MnRPRjR2Unh1Rm02by03eFpDbzR5VTlISnVpbEptMXRhLTRKbkxhU0FWWVNzOXNiU3NjSi1KMkUwOEUwYUd0TjQ2elgyampkcVphOVRqcVItRHFmdUV4YmxPWjhQUm1SU1ZJakJsVTBFSjZkdG90TDRqQ3BvejFZQ2JKX0tlWE5fU1lTSm1DS0lNTFNvaDV5NTA0aEFlNndRcTVtWHU1YXB2VjRmc2NPYVRHM0Jn?oc=5,Painel aborda os impactos da Inteligência Artificial nas estruturas de poder no Brasil&nbsp;&nbsp;Assembleia Legislativa do Piauí
"Piauí lança inteligência artificial ""SoberanIA"" - Capital Digital",https://news.google.com/rss/articles/CBMiggFBVV95cUxNMnY5ZDBEMFQ1dHQwa2ROQ01SUEhJNVZnanNHb0RKVzJ6d1lNQ0lHY3pxUFcwOVpEeExpdXBqcFY4RnExeE1iZ1hXNUNnTkpBQWRfeTlLSjJFendSQlNRbmtGaEFiQWxhNUE5NGhTZWg0OURoS2FIdTVJXzFBMUY3dnZn?oc=5,"Piauí lança inteligência artificial ""SoberanIA""&nbsp;&nbsp;Capital Digital"
Conexão Ciência: termina nesta sexta (18) o prazo para inscrição de professores - pi.gov.br,https://news.google.com/rss/articles/CBMioAFBVV95cUxPRGh6TTlYVnpQeDJjbWlHdjFTeU5abGpHZUx0X1V6MDhHY1c5d3UzeFN3djBVRTFJS1dyUFE3S1pFVFZ1ZkYtSk9jeWw5andaeVRpRkJpVEVSdWlZQjhnZGdEVkFCSVhuRHotbUIzMnVldDdlZnlxN010Y29BU0lYQ3VheklPdzFVbkwwQUpsa2ZQX3hmT2dWakZwMmlBQVhj?oc=5,Conexão Ciência: termina nesta sexta (18) o prazo para inscrição de professores&nbsp;&nbsp;pi.gov.br
"NEON 2025 chega ao Piauí em julho com inovação, tecnologia e oportunidades - pi.gov.br",https://news.google.com/rss/articles/CBMinAFBVV95cUxOZnFwSGtIWV9senkyc3VTRTBhSUt1TG1IMTRtWmJBb002RDVfaTlZZE9VaEMwZzBHUzBvOTUyTG5iMEhXdVBPOGJKbDdhN0QtdW90eXBIVmwtOURNZEhsZ2ZzUUw3NWZnbHJaM2JrTkdIS2o4aWRjWHB5d1gzTHRrNW81bmJHeUZ4cThaR3IyTFRRd1BDWlh6ZHU1OWY?oc=5,"NEON 2025 chega ao Piauí em julho com inovação, tecnologia e oportunidades&nbsp;&nbsp;pi.gov.br"
Projeto de extensão em Direito e Inteligência Artificial prepara alunos para os desafios jurídicos do futuro - pi.gov.br,https://news.google.com/rss/articles/CBMiywFBVV95cUxPTnVaUmw2REwtbzJkVzJpZ1FibWZnU0pHRkVSbWRBdkxrekYyb1hJQS04aFhHNnlTTTJJLVZFaG90dVNRdE5TV3FFSDVwYW1LZl9fekNna0xSQ2Zya2hfT2JBcndmOTZIVXFzeFFGb0FnRU02d2dPQ1FlSHhMWWM5N0oxVVZZRmRZbXY5dXM5akJ0RVJKVll4R1FUYTljQ1ZENlg2Nk51M0RkcFJUUWwyc2dRRHNXZEs4ak80MS1xc0JaTkZBb3pmbTJMcw?oc=5,Projeto de extensão em Direito e Inteligência Artificial prepara alunos para os desafios jurídicos do futuro&nbsp;&nbsp;pi.gov.br
"Secretaria leva tecnologia imersiva, realidade virtual e inteligência artificial à Brazil Energy Conference - pi.gov.br",https://news.google.com/rss/articles/CBMiyAFBVV95cUxOam0zZTF4RTRhS3JLQWNKSi1iaDQ1N1BkdGgzUnQ0bXRteDBXUVhuTGQwZkNwRllpUVpUajhMZzl4UEdFb2pSYkVJRVpmSzd4T0MtUDgzUWJjZmQxWk1RalB3LVlTcDJqdTJLRC04Wlk4Um1KOUVIQWtkeHFZUEdXMl8wbVc3aXVSczRMUHJwMFlPR2VxajdFajJ5ZTVrUG9CNWh0T1IyWGRZblBsTGRUZzNXd3VJbGZ0X2ZsSVBHekNiNUZVYkFwcA?oc=5,"Secretaria leva tecnologia imersiva, realidade virtual e inteligência artificial à Brazil Energy Conference&nbsp;&nbsp;pi.gov.br"
Câmeras de segurança com inteligência artificial são instaladas no Piauí; saiba como vai funcionar - Portal Clube News,https://news.google.com/rss/articles/CBMi0wFBVV95cUxNTDRGYlVlUFAtck8td0d2OUF4VGU4cUkwcnp3MTY3TzRFN1FEb2NQQ194UHJfa0cwTkZfdHF2X1JqcDNHelBTUjJQQUZPdU9SdWVwZXpxOTREdEVqRHJzOWh1TGNtalpXeFYzYWR3dEhCalZRbm9kbXY4a0FLRUdmWXlfU0tXUjlOM0NuSVBMMUhUMm9icXYzUGU0S290aXZBOXljZzBWUkw3cTZFU3dYTWlMSlFzYVNWV2xSTVJJNGVZal8zX2dLUUl2RGo3Rk9LYjBF?oc=5,Câmeras de segurança com inteligência artificial são instaladas no Piauí; saiba como vai funcionar&nbsp;&nbsp;Portal Clube News
SSP anuncia viatura com Inteligência Artificial e câmera que reconhece rostos e placas de veículos - G1,https://news.google.com/rss/articles/CBMijwJBVV95cUxPRDA5VUpEZHdiakVBWnBjZVRpaU5Nd1VnMmhRRVJnSHJ1SVJrd0JZLXpsNWRHRmphZEJGaldxUEN4VWxyTUg3dlVOdk1tcjNnS2oyY3ZkczROT1lxZXZJN01iTzN2WUhYZ2tNWWZKb0EwdmhHVlBOVEh1bE52WE5nSW5Fd3BIU2dqLUh0bFo4QzZhVl9RLWZFQXpwcS13dWpsZU9KeGJKTGY2VzZfaEcyNWVWd0I0UjRuaEE0cTQtNjB1ZjdWU1dZU2N0c0RUVXhYRV9PYXhQek1SYXV2RHRaNXZxcGNUUzMzbDFjd29YYkp4czdCUHB0SWpYaW0wS3U1bDBrRlpMY1VKbGFzZlVj0gGeAkFVX3lxTFBTbXNSalN2Zmx6TVc4b2lWV2pmeTM5QVRwaVhaOHRMdEhMb3BQZEltQlBLSWQydVlVckNxR0p5UjVBclFBX09MVXVOQkxFSkxhaW9RNm0wZU1RSHc5M3hSZ0tRZzVLX0xSbXRScmp3elQwTXZiMXhYSGd2Q0tmcUtKcFM1ZzJKT1VHWEk3elgxUmhma0Mycl9QeTdxc3ZLYmRYUmstZ1VjbEpuMWtuaFNzZFdVN2p0MXowMXN6UWtLQ1Q2U3FhTDlmZUsxWFVzY0prU1pSSm5acGU5YlI3Y2l1REczTVhhMnpTWjZWdUs4M3V0SFBjVGcwaDN5TzRuR2lyREwxQXBpdkhLbV9VQjR6bkZ0eVhFanVKWVZXeWc?oc=5,SSP anuncia viatura com Inteligência Artificial e câmera que reconhece rostos e placas de veículos&nbsp;&nbsp;G1
"JuLIA, inteligência artificial do TJPI, é entrevistada em podcast - Tribunal de Justiça do Piauí",https://news.google.com/rss/articles/CBMiugFBVV95cUxPR3VHcm5MaG5faXlFcXcyNlZxcHFHX0JvZWV6dkk1bHlKanZmXzRoQnZ0QlZWY2tibzcwdkpIZzVLWEJnVWJTM19ib0lhdVRGVWFYejJOeVlqUGtjZE1lZ2NWUXR4N3poU0t2bXJrN1Q3bC1zVnhBLVRZOHlEb3JqRWlsQ29Jd2tsY1kyd3RLQ0ZJYlp0bWhBbWRzOXQzakhxOEpyTkczTFJ0TFQxNDhlQ1hrTERCckYwc2c?oc=5,"JuLIA, inteligência artificial do TJPI, é entrevistada em podcast&nbsp;&nbsp;Tribunal de Justiça do Piauí"
Inteligência Artificial é o tema de nova edição do projeto Sextas Sem Conta - Tribunal de Contas do Estado do Piauí,https://news.google.com/rss/articles/CBMiogFBVV95cUxQOGpULV8tNWtRRnMyX0ZoMUczLUJwclFQWXhWdEVIa0xKNGtCZDVuZmhnYUhtekR4c2hqdlFjWDJvUGFFU1RRTXNLdVVteDVJaDh6aGZJMXNhVHJkU255Z2hEMFVTRFo2bkZDN1N3NWRZQjJvODBZaDVOYW5IMDlKbHNYclozQUIxX21TbnBudkdzRVlTSWZUTWx0Tm40UzE2Snc?oc=5,Inteligência Artificial é o tema de nova edição do projeto Sextas Sem Conta&nbsp;&nbsp;Tribunal de Contas do Estado do Piauí
SoberanIA: Governo do Piauí anuncia primeira IA com base de dados 100% em português - RealTime1,https://news.google.com/rss/articles/CBMiqwFBVV95cUxOTXk0SVoxblZWNnRmRjdxRFE4UVB5SFpKYko4MW40a2xJZm4xWE5fenhzYmcyeXdPUnZNU0l1M25rU3ExTHlrcS1xMTJxSWVaT05QNFJPNnc0VGFzRU1XQzFUd2lCMjl2WVQ2Y2c2SFRYaVpqU1drLTVlUWhJQjdoWnIwQ0RwQ093V1hvTnYxUUFLX0N2dks5RnVNNGtDWk1qS3ZzSW5YWS13aVU?oc=5,SoberanIA: Governo do Piauí anuncia primeira IA com base de dados 100% em português&nbsp;&nbsp;RealTime1
Estudantes do Piauí utilizam inteligência artificial para aprender inglês - CidadeVerde.com,https://news.google.com/rss/articles/CBMiswFBVV95cUxPdjY4SUNrazV2VWJqd090SkFCR1VpZFdWTjR3anZmTE1lNlJXNlN4NFRzRjBNUzhuRW93cmVBcEdUM25pYXlxWHZZRUdVcWZYeGN4REh4NnZQTURiNnRuQWM3aVBCRm5DVVZZUXI4UTRFMTV0U3h2SmZBcmZyVkRZSnRXaGZPOWJyRFJBbVVNc2ROVUJpTVVHYk1BRFlrZ21IbUhFQjVnaG92b1ZzdE9odm9fVQ?oc=5,Estudantes do Piauí utilizam inteligência artificial para aprender inglês&nbsp;&nbsp;CidadeVerde.com
Piauí lança sistema de videomonitoramento com inteligência artificial em agosto - Info Newss,https://news.google.com/rss/articles/CBMipAFBVV95cUxQRXFOYV9VUnVoU2R6XzhmYm85alMzS1NvSlRHaTNnTThHMXkxSG5VbGlmOHVCZkdQWGZCVW5zOUt5UFA0Q0ZjTnRXS3htUGlyOGhnb01iNFNQeTlWQ01BZHlkdXJfN0Mxd1hMa1RRMC03ZGxraS1jZ0wtV052VzBaLUQzdmNTTkdYSWVFbmw2MDRrVmY2Z3Z3VF9LTkdTSHAtYW9wdQ?oc=5,Piauí lança sistema de videomonitoramento com inteligência artificial em agosto&nbsp;&nbsp;Info Newss
Seplan divulga resultado final das inscrições para o CapacitIA - pi.gov.br,https://news.google.com/rss/articles/CBMijgFBVV95cUxNVEtQTHAyelFPNTAtR19FSGxnR0w2Vk5MY0V1UUxpSk5EUTJVWWdfdUJ3Z2dUbVA3Z3R0b0EtbXhUcGJqeURsalJZZ3NLRnA0WXZRdWpVcjlrN1FCdlkyNzJwSENxc3BIM00wNkF2aEVsMXlaa201QWFoUmFxd2ZhbG4zTW5nd1JjVkhRX2d3?oc=5,Seplan divulga resultado final das inscrições para o CapacitIA&nbsp;&nbsp;pi.gov.br
Sexta Masterclass do CapacitIA prepara órgãos de segurança pública para o uso de inteligência artificial - pi.gov.br,https://news.google.com/rss/articles/CBMixgFBVV95cUxPanVOcHF4a3RoRDUxWThnVmJkOTN1NEZNYzdEMjNNT29qZHBlTmZlY3BmYlRudk9LUURfSC1zbnd4dzFmZXRybTlSbThmSjZzZ2cxZnZGcmNNVXlndVJqWEhENjljd0hLcGVoaGZoZHpLN3NEZmpZQ3VUSW41ckpVVnlZcFpwOEZKbmlZNWpmVk96R2E4WndHOUljN1VSRkpUWTVsVHFGN29SUEFNTHZmS1VEV2RYdWFTTmlOTGNUUC1vbVZWcnc?oc=5,Sexta Masterclass do CapacitIA prepara órgãos de segurança pública para o uso de inteligência artificial&nbsp;&nbsp;pi.gov.br
Piauí se destaca em nova fase da Olimpíada Nacional de Inteligência Artificial com 11 alunos da rede Seduc - Consed,https://news.google.com/rss/articles/CBMi3wFBVV95cUxORDJWZ2FEN2Foc1RaSVBPeVdSMnZERUVVTy1Xb3U2UFhGam5fNkt4VFFoMHRVblY4UVk2ektGclZnVzNMSzliY2dIdTF2VEN6RHlDempZRjBVaXRpSHhIM1BOcnpSVmljbXZaN1R2UEhuQUFaUUlvMlNQUVpWQ2p3RmF0TnZibDI2MHZPVFZOa3JKMnBhUUpyb1VkSlNNVDNVNENiczlvOTVmZ21DRWtxZzBJY1BGV1l5czZ5QU5SS0NUTHl1SzJSZnQwdmNVWEJCWGZ6bHJxaHlYRVg4d0dV?oc=5,Piauí se destaca em nova fase da Olimpíada Nacional de Inteligência Artificial com 11 alunos da rede Seduc&nbsp;&nbsp;Consed
Governo do Piauí e Agência Brasileira de Desenvolvimento Industrial articulam evento para modernizar as compras públicas - pi.gov.br,https://news.google.com/rss/articles/CBMi3AFBVV95cUxQN3hsSkRfeDNybXRGSnNVQ1NSLTF4c2pGVzhiODNmbkhWSHpZUDFHVFYxSndDSlRhallOd0xOWDVVZDVIcW5VcFNHNGlfYjMyd2tnNVBneU1kLUYxaEVZTWZ2YUdPbEduMzB2NTdaQ1FjMHdLaDBzalJmR2E1RE9sel8wcy1PLXJscURqQ3Bqbk9zT1Zfb0dwdC1YV29FOVJuYk1HeEJEYXVNMEQ5azNjQURLX3hCWHZGRkw5MTVnX25ndWtNY0xNVUtQcW82SnJELUdsRy11eHZkUG9t?oc=5,Governo do Piauí e Agência Brasileira de Desenvolvimento Industrial articulam evento para modernizar as compras públicas&nbsp;&nbsp;pi.gov.br
